Rank,NAME,Av_ESC+iPS,Av_DIFF,C_p-value Wilcox,ESCvsDIFF,DIFFvsESC,ESC_H1-a,ESC_H1-b,ESC_H9-a,ESC_H9-b,ESC_hES2,iPS-a,iPS-b,CL_Fibroblast,CL_Gm12878,CL_HNEK,CL_HUVEC,CL_MCF7,CL_293T,CL_HeLa,Adipose,Adrenal,Brain-a,Cortex,Cerebellum,Breast,Colon,Heart-a,Heart-b,Muscle,Kidney-a,Kidney-b,Liver-a,Liver-b,Lung,LymphNode,Ovary,Prostate,Testis-a,Testis-b,Thyroid,WBC
1,MBNL1,3.16,41.87,0.014,0.08,13.26,2,4.2,2.95,1.91,3.39,3.92,3.73,28.82,35.73,24.49,37.49,26.36,19.27,26.2,52.78,77.69,22.3,10.26,7.75,69.55,72.7,47.22,13.97,75.24,30.22,5.08,16.13,6.49,76.8,78.47,45.43,71.11,37.59,7.59,46.46,144.9
2,MBNL2,0.98,25.62,0.014,0.04,26.22,0.47,1.06,2.48,0.46,0.41,0.98,0.98,19.62,1.89,8.92,11.44,14.86,2.65,10.76,37.06,27.79,86.44,28.03,21.48,50.56,43.49,28,9.84,19.64,27.78,3.91,34.87,6.61,44.12,40.5,33.62,42.76,28.14,5.57,36.48,16.04
3,CELF6,0.05,1.94,0.012,0.03,38.87,0.02,0.04,0.19,0.01,0.03,0.03,0.03,0.67,0.4,0.05,0.29,0.33,0.15,0.05,0.35,0.87,2.75,12.1,7.48,0.53,1.28,0.18,2.22,0.06,2.87,3.75,0.22,0.58,0.66,1.92,1.62,2.32,2.16,9.16,1.19,0.15
4,RBM18,5.52,10.34,0.129,0.53,1.87,5.87,6.87,5.3,3.19,6.99,4.54,5.86,8.79,7.52,13.11,4.74,20.26,12.65,15.66,5.97,8.92,12.22,7.43,7.05,10.42,12.04,15.68,7.26,10.64,13.63,3.72,4.27,1.71,7.66,15.08,12.65,18.46,10.83,5.1,9.9,16.39
5,SRSF8,6.64,13.38,0.402,0.50,2.02,4.33,6.51,4.1,5.9,13.58,6.34,5.72,6.88,9.11,13.29,11.44,9.23,16.59,10.24,14.94,27.92,19.71,11.63,13.44,16.48,14.16,6.03,4.31,4.69,20.73,8.18,9.99,6.54,7.39,20.78,25.4,18.56,13.59,3.2,25.5,18.12
6,LSMD1,7.79,26.90,0.044,0.29,3.45,14.6,4.87,14.88,13.65,3.54,0.36,2.6,24.77,23.89,26.2,129.12,13.33,40.28,21.62,11.07,19.71,15.37,51.12,41.26,12.95,13.61,8.25,39.1,7.53,17.51,60.61,8.08,36.16,11.86,11.67,9,12.77,28.91,58.63,14.95,10.63
7,BICC1,0.44,5.70,0.374,0.08,12.92,0.22,0.36,0.52,0.4,0.34,0.44,0.81,18.5,0.01,2.57,0.03,0.01,2.65,7.51,7.49,8.92,1.25,1.01,0.08,5.03,5.02,3.44,1.59,0.93,28.81,9.15,0.97,0.37,7.24,8.11,21.38,5.46,9.97,2.87,5.03,0.01
8,RBMS3,0.88,5.01,1.000,0.18,5.66,0.31,0.69,1.67,0.83,0.5,1.1,1.09,4.54,0.64,1.91,10.25,0,0.36,2.77,23.58,4.99,0.89,1.22,0.72,8.65,7.77,4.33,5.86,2.72,2.19,1.76,0.59,0.68,12.71,7.91,6.43,6.44,6.13,7.7,11.46,0.05
9,UHMK1,7.35,15.59,1.000,0.47,2.12,3.03,6.99,6.53,3.72,7.77,16.87,6.55,13.19,9.68,21.08,5.36,22.43,19.41,22.12,21.05,17.68,22.76,8.94,3.57,32.67,9.11,10.31,2.53,11.61,24.09,4.62,16.54,3.83,16.8,22.81,13.53,12.54,13.92,3.78,16.91,49.15
10,SRPK3,0.15,2.25,0.032,0.07,14.59,0.19,0.06,0.43,0.31,0.03,0.02,0.04,0.17,0.08,0.08,0.16,0.35,1.2,0.27,0.08,0.39,0.8,3.06,7.49,0.93,1.73,5.89,15.99,19.07,0.08,0.31,0.01,0.04,0.22,0.33,0.31,1.88,0.92,0.53,2.9,0
11,ISY1,5.36,8.89,0.283,0.60,1.66,8.25,4.93,7.46,4.93,4.61,5,2.31,9.46,18.76,5.76,7.27,17.4,19.6,17.58,8.8,13.72,5.28,4.86,6.33,8.23,9.58,4.01,5.1,3.74,6.87,6.11,2.65,3.47,6.54,10.07,10.02,10,9.13,6.43,9.73,11.22
12,RBM22,14.26,21.07,0.012,0.68,1.48,13.49,20.78,16.4,12.09,15.08,5.3,16.65,13.88,27.51,22.29,19.96,39.43,43.82,34.87,17.55,21.95,17.93,14.85,17.55,17.12,17.29,10.88,8.12,23.17,18.47,9.73,7.05,5.67,26.04,25.98,31.8,23.69,21.54,14.97,19.07,38.92
13,RBMXL2,0.03,2.24,1.000,0.01,68.31,0,0.01,0.02,0,0,0.2,0,0,0.05,0.01,0.22,0,0.06,0.02,0.08,0,0.01,0.02,0.02,0,0,0,0.01,0,0.03,0.02,0,0.07,0.08,0.17,0,0,23.97,40.24,0.01,0
14,RBMS2,3.24,8.51,1.000,0.38,2.63,1.49,3.31,4.68,3.41,3.63,2.04,4.12,12.25,0.96,21.32,22.47,3.93,3.86,10.78,24.57,10.37,3.21,2.11,1.67,13.96,10.55,7.18,3.93,1.63,7.81,3.57,1.33,0.57,28.13,8.86,7.44,7.26,4.46,4.27,13.29,4.94
15,RBM23,15.22,23.61,0.048,0.64,1.55,17.89,15.32,21.37,23.17,11.55,3.83,13.4,15,24.48,25.01,37.94,59.05,45.22,27.95,12.84,22.73,12.89,21.82,35.21,10.7,13.44,9.74,12.86,7.76,22.95,24.45,9.25,12.84,15.81,28.86,33.66,23.39,24.36,25.52,24.63,44.19
16,RBM20,0.34,2.39,0.195,0.14,7.01,0.1,0.07,1.64,0.15,0.16,0.14,0.13,0.07,0.24,0.01,0.01,0.1,5.09,1.32,0.5,0.5,0.39,0.36,0.16,0.64,1.47,28.03,13.17,7.62,0.24,0.74,0.01,0.02,0.6,0.53,0.66,1.38,1.83,0.86,2.88,0.02
17,RBM24,1.11,10.14,1.000,0.11,9.14,0.5,0.67,2.13,0.22,2.46,1.46,0.32,5.96,0,1.11,2.97,2.46,0.19,0.72,1.42,5.48,3.57,2.74,0.26,7.27,5.72,55.14,26.49,107.91,0.81,0.15,0.1,0.08,2.19,3.74,2.15,17.44,10.31,2.33,25.22,0
18,RBM43,1.41,3.54,1.000,0.40,2.50,1.01,2.44,1.25,0.69,1.28,1.67,1.56,8.13,1.27,1.84,2.03,3.36,1.26,1.22,4.76,5.2,2.47,0.97,0.47,5.49,7.19,0.84,0.49,1.51,4.45,1.13,1.3,0.91,4.56,3.45,8.77,9.58,6.21,0.66,7.98,5.11
19,U2AF1L4,6.20,9.74,1.000,0.64,1.57,5.62,4.64,13.19,11.95,3.89,0.43,3.69,5.03,7.12,4.3,7.26,8.88,5.21,4.85,3.07,18.2,9.24,20.78,20.85,5.83,4.48,2.97,14.85,2.24,10.45,18.8,3.41,7.4,6.82,10.54,9.83,9.17,10.86,22.83,19.42,7.63
20,PCBP4,9.34,21.69,1.000,0.43,2.32,9.11,7.64,22.1,15.41,7.08,0.29,3.76,23.34,5.56,22.86,56.47,5.88,5.85,18.67,6.98,10.34,26.3,106.05,113.89,9.06,6.71,11.34,36.55,34.29,6.21,12.91,2.28,5.13,9.81,10.75,17.88,12.26,11.94,27.14,9.45,3.16
21,MBNL3,2.42,4.16,1.000,0.58,1.72,1.23,1.36,10.85,0.71,0.41,1.88,0.5,0.26,8.6,2.56,0.52,9.39,5.75,18.5,2.2,1.59,0.85,0.26,0.04,2.95,0.52,4.62,0.53,0.24,1.85,1.25,9.65,3.33,2.95,1.83,1.55,3.45,14.83,8,1.63,10.84
22,LSM10,23.58,30.32,1.000,0.78,1.29,31.16,27.06,32.06,51.17,10.1,0.94,12.55,24.72,32.92,30.52,59.81,13.51,36.95,31.55,13.33,36.31,15.43,32.12,30.36,23.02,26.3,20.17,42.29,41.89,19.32,37.35,23.27,23.23,21.62,56.99,20.17,36.77,20.56,30.25,26.25,52.19
23,RBM42,24.23,30.34,1.000,0.80,1.25,46.15,13.65,35.74,52.65,8.94,5.05,7.41,35.24,45.39,24.34,58.64,20.97,76.56,51.67,28.03,33.49,13.2,32.24,37.4,22.24,18.84,7.85,32.91,23.55,17.2,48.25,9.76,23.41,22.15,17.8,30.43,22.44,27.96,48.39,29.94,19.57
24,SNRNP35,12.17,13.73,1.000,0.89,1.13,9,6.33,15.45,10.38,17.36,19.31,7.36,16.22,13.31,10.87,10.12,18.98,16.63,10.13,8.24,25.89,10.88,16.31,20.6,14.38,9.38,9.53,21.17,21.35,10.24,15.66,8.32,8.43,6.82,11.73,10.95,10.53,14.31,15.37,21.51,10.43
25,RBM3,60.80,91.62,1.000,0.66,1.51,74.73,72.1,60.16,38.59,69.88,57.83,52.34,95.97,137.43,140.74,111.9,132.96,230.26,190.09,254.75,201.53,87.14,19.66,15.41,171.91,34,43.44,18.26,17.91,82.01,39.28,29.47,12.95,75.26,26.41,83.45,59.42,70.57,28.52,122,124.16
26,CELF2,7.54,11.59,1.000,0.65,1.54,4.15,8.45,4.62,4.63,14.19,11.82,4.9,6.14,18.78,3.68,8.94,0.01,3.8,0.03,15.65,12.85,23.1,21,13.85,25.21,13.12,15.72,6.07,13.44,2.62,0.69,1.21,0.4,16.27,22,12.1,13.73,9.21,3.61,7.39,45.39
27,SLU7,14.92,17.98,1.000,0.83,1.20,26.2,13.86,8.85,4.36,20.46,17.85,12.89,18.67,41.53,9.83,2.92,25.39,23.65,17.38,16.47,20.33,36.07,15.56,10.29,21.79,18.25,13.4,5.67,20.91,12.59,5.44,5.84,4.01,12.59,14.77,14.42,18.09,34.04,19.19,31.59,30.8
29,PRPF18,10.00,12.11,1.000,0.83,1.21,16.3,7.28,8.62,4.04,9.96,15.76,8.02,12.12,22.87,11.22,2.27,25.75,16.16,11.48,11.3,15.16,9.93,4.92,3.79,13.86,14.87,7.03,3.64,7.52,14.98,5.65,7.8,4.09,8.02,10.59,13.81,14.85,24.67,16.11,18.15,18.61
29,SCAF1,18.08,18.77,1.000,0.96,1.04,17.71,8.93,38.84,48.33,8.35,0.18,4.2,16.28,11.57,5.16,5.04,3.18,30.61,18.8,20.19,17.06,17.68,56.5,67.47,13.17,10.2,5.16,27.11,16.83,8.26,26.66,4.27,13.15,8.29,10.51,19.13,12.85,23.14,50.06,16.72,9.18
31,PUF60,41.48,43.24,1.000,0.96,1.04,48.31,33.93,57.29,111.84,13.27,7.03,18.69,32.6,37.58,38.69,72.55,41.93,84.87,95.75,26.12,45.56,30.13,85.97,66.98,22.75,20.69,14.71,43.85,27.48,30,61.7,23.08,40.29,24.57,22.93,35.96,30.29,39.27,88.91,42.94,25.8
31,SYF2,33.57,39.43,1.000,0.85,1.17,46.26,21.63,28.7,10.54,54.48,36.23,37.15,44.24,62.31,15.33,3.73,35.62,30.47,37.6,59.39,57.29,35.05,13.89,15.23,44.38,92.93,21.49,16.74,38.98,42.21,26.5,14.69,12.04,35.24,44.28,57.2,63.21,64.07,23.92,80.88,54.69
32,SNRNP27,14.70,14.91,1.000,0.99,1.01,16.02,14.4,10.61,6.44,30.55,14.02,10.89,22.2,19.62,10.51,3.84,22.39,23.15,12.44,15.25,17.61,23.23,8.79,6.17,17.92,19.23,15.64,5.9,20.78,16.35,4.29,7.7,2.94,22.85,24.7,11.09,20.01,16.46,5.24,17.05,18.98
34,HNRNPUL2,22.57,26.44,1.000,0.85,1.17,10.29,16.14,29.7,17.7,41.59,24.9,17.67,16.07,12.94,12.34,12.11,27.29,16.79,24.79,31.2,44.69,50.97,40.57,53.82,25.63,40.6,15.09,12.99,22.64,26.48,19.21,8.06,8.53,20.66,28.22,39.74,34.15,35.67,13.87,34.8,36.77
34,PCBP1,180.20,195.71,1.000,0.92,1.09,214.14,196.32,231.26,374.61,116.12,37.42,91.51,106.99,258.06,66.42,125.8,90.07,145.6,175.93,304.48,238.44,94.21,128.05,206.43,209.13,238.98,80.73,150.89,445.91,155.67,170.55,125.17,129.61,235.52,338.78,227.62,232.06,178.49,187.02,259.62,369.35
35,SART1,23.36,23.81,1.000,0.98,1.02,58.99,12.82,34.3,41.55,8.09,1.51,6.26,19.56,58.55,6.36,6.16,22.75,42.93,38.75,25.78,30.76,15.27,30.82,46.94,13.74,19.58,5.5,28.35,21.73,10.97,30,5.54,14.82,14.25,19.71,25.49,18.78,24.92,49.31,24.28,18.91
36,PRPF6,38.90,44.31,1.000,0.88,1.14,74.11,33.8,55.61,60.67,20.72,7.35,20.05,28.92,123.42,20.69,22.14,82.41,59.81,58.77,36.98,32.87,28.24,56.16,122.03,31.67,26.15,12.51,39.36,37.46,23.96,49.14,9.75,22.4,17.69,27.72,48.95,36.84,53.91,94.46,45.33,35.27
37,SFRS16,15.51,16.18,1.000,0.96,1.04,34.81,7.62,26.95,25.92,6.53,1.02,5.74,10.13,39.85,5.43,13.94,15.1,34.78,25.52,6.28,22.86,9.19,32.85,40,5.94,6.16,2.95,20.37,6.78,4.91,16.81,3.22,11.06,10.55,27.3,12.05,13.16,8.71,44.21,15.31,3.94
38,RDBP,29.90,33.70,1.000,0.89,1.13,50.51,23.69,45.67,43.09,21.64,7.47,17.26,29.38,42.56,28.12,30.04,21.75,46.58,40.79,27.81,35.6,23.63,33.23,20.04,24.82,20.81,11.28,27.27,20.09,25.17,42.17,6.89,19.81,30.25,21.95,36,29.97,66,163.78,29.77,21.75
39,CWC25,9.43,10.15,1.000,0.93,1.08,13.71,7.27,11.27,6.36,11.63,7.69,8.08,10.33,24.63,9.79,7.67,9.9,15.4,11.08,8.36,16.14,7.13,6.75,7.97,10.73,6.7,3.66,6.04,5.71,10.15,8.16,3.82,5,7.96,12.75,13.09,8.89,12,21.16,12.72,10.54
40,RBM4,52.89,61.43,0.997,0.86,1.16,39.63,43.57,83.51,60.03,42.71,79.55,21.25,52.83,38.95,85.7,236.54,202.69,91.69,70.32,25.31,46.92,16.84,30.25,78.12,27.29,40.67,17.94,32.77,29.75,59.69,46.66,27.74,31.37,57.27,94.41,41.17,48.41,56.7,84.57,41.71,67.1
41,RBM38,22.99,22.17,1.000,1.04,0.96,28.35,20.61,27.72,51.1,19.34,0.98,12.82,4.14,89.35,4.08,28.51,23.64,20.32,10.75,4.76,25.29,3.21,8.95,30.08,8.22,23.8,16.25,41.32,69.71,5.08,22.4,1.9,3.88,14.91,20.03,25.19,22.16,20.63,41.76,17.73,34.85
43,HNRNPH2,63.25,60.88,1.000,1.04,0.96,53.33,58.87,61.48,43.03,81.72,89.13,55.22,42.6,30.49,43.24,15.61,112.99,96.84,104.26,75.03,96.7,112.2,49.94,53.22,55.66,65.98,35.32,28.08,38.83,79.14,40.59,30.65,17.69,70.81,60.11,91.59,62.1,61.88,27.74,87.8,78.39
43,RBMS1,23.91,21.86,1.000,1.09,0.91,22.41,23.36,20.41,16.53,39.21,16.67,28.77,40.4,0.35,31.23,20.23,23.04,13.25,22.65,40.7,43.52,5.6,2.7,1.32,36.17,31.85,21.47,10.7,6.88,26.63,5.97,5,2.9,55.59,33.26,36.38,28.31,21.44,8.35,18.1,40.06
44,RBM5,35.56,34.60,1.000,1.03,0.97,61.26,31.5,41.69,27.32,31.43,31.78,23.97,34.78,70.63,42.29,79.57,88.39,63.16,36.22,13.21,38.47,16.08,48.49,49.75,21.91,13.63,11.48,24.79,8.14,25.65,26.98,8.77,13.57,19.9,42.14,36.28,37.42,26.57,47.6,28.64,28.86
45,BUD31,60.17,43.43,1.000,1.39,0.72,189.58,35.76,30.09,25.77,74.86,24.09,41.07,73.15,238.31,25.61,12.85,64.28,47.8,53.58,31.03,46.55,44.56,21.72,20.9,29.2,40.22,10.98,9.79,6.81,37.02,26.52,18.08,16.42,42.57,34.03,34.44,39.9,76.91,68.17,44.34,43.76
46,LUC7L2,47.99,44.62,0.230,1.08,0.93,87.19,32.8,45.58,29.4,58.24,53.94,28.8,29.06,100.37,27.17,12.6,69.03,150.37,52.13,35.05,64.07,46.06,31.51,31.36,30.88,49.19,21.35,19.69,26.5,36.17,22.21,13.63,15.27,37.43,39.97,56.88,52.32,58.35,41.64,88.03,35.81
48,HNRNPCL1,39.25,18.78,1.000,2.09,0.48,112.05,36.44,73.48,38.46,1.84,12.02,0.43,13.95,74.33,19.33,8.51,43.07,41.64,32.06,6.39,12.81,8.82,11.69,19.09,5.43,17.51,5.92,13.68,6.77,17.24,21.42,6.49,15.27,24.1,32.78,14.11,19.17,14.03,4.82,10.07,24.08
48,RALYL,0.15,2.90,1.000,0.05,18.80,0.15,0.09,0.09,0.08,0.21,0.09,0.37,0,0.02,0,0,0,0,0,0,0.02,33.76,16.54,20.54,0,1.07,0.86,0.42,0.06,5.59,3.2,0.04,0.01,0,0.1,0.13,0.83,0.66,0.28,0,0
49,RALY,70.84,58.75,1.000,1.21,0.83,71.8,42.51,113.72,143.85,77.53,1.81,44.64,48.9,75.24,73.37,117.73,28.03,62.34,77.55,45.61,61.64,20.96,75.75,66.65,33.24,39.06,20.72,92.61,35.76,36.43,100.85,14.31,29.59,60.44,54.6,39.9,47.81,63.19,162.86,55.27,63.21
50,SNRNP25,30.87,27.21,1.000,1.13,0.88,47.24,21.63,38.6,49.09,31.85,11.76,15.91,16.23,56.27,24.3,24.59,45.57,77.86,70.63,5.36,13.66,30.22,60.08,54.51,13.29,13.81,25.23,51.04,21.04,14.73,26.87,11.71,26.14,7.24,14.58,17.02,20.15,11.09,12.14,16.35,7.46
52,ELAVL4,0.24,2.58,1.000,0.09,10.77,0.03,0.12,0.07,0,0.21,0.66,0.59,0.06,0,0,0,0,0,0,0.03,0.08,18.53,28.91,13.18,0,2.19,0,0.02,0,0.05,0,0,0.02,0,0.33,0.03,0.64,3.53,7.32,0.02,0
52,RNPC3,7.27,5.34,1.000,1.36,0.74,4.05,6.21,4.9,2,7.3,19.47,6.93,4.92,9.35,5.71,2.46,4.85,14.16,8.7,2.23,6.25,3.59,6.98,4.83,6.71,3.92,3.44,4.05,1.69,9.44,5.3,1.03,2.03,2.38,9.19,6.13,3.71,5.07,3.73,9.9,3.2
54,LSM7,106.41,58.00,1.000,1.83,0.55,111.32,138.58,170.36,269.63,24.42,3.33,27.26,54.26,84.85,110.83,301.46,70.69,144.47,56.4,28.52,72.51,16.5,58.23,70.14,26.05,29.03,9.16,63.52,14.88,21.72,60.6,12.01,45.14,21.86,40.19,46.78,27.08,52.27,77.56,31.87,33.33
54,SNRNP70,109.44,82.86,1.000,1.32,0.76,151.25,61.9,226,202.61,59.96,27.96,36.42,85.09,77.75,61.77,90.71,53.25,300.87,142.67,39.18,72.19,35.77,164.43,342.98,33.36,32.43,15.83,124.92,18.53,37.56,126.96,16.83,55.09,57.31,76.46,54.73,41.63,46.79,121.69,58.05,18.09
55,RBM45,5.07,4.38,1.000,1.16,0.87,6.44,6.01,4.18,3.42,4.59,6.07,4.75,6.45,6.31,7.53,4.74,10.42,7.96,5.52,2.34,10.1,3.65,2.6,1.41,4.24,2.06,2.57,1.62,0.34,4.82,1.87,3.29,1.49,1.09,3.6,6.38,4.52,6.27,2.45,7.41,4.03
58,PRPF19,56.94,52.10,1.000,1.09,0.92,85.85,48.18,71.44,88.45,48,3.94,52.69,27.19,91.56,25.11,61.89,42.78,167.61,161.7,27.07,78.42,65.73,93.22,87.31,32.92,28.16,10.75,21.2,28.74,29.58,30.11,25.55,29.87,18.59,31.84,67.83,37.45,50.24,36.65,57.38,44.52
58,SF3A2,49.10,30.48,1.000,1.61,0.62,74.55,36.02,83.99,103.66,25.15,0.94,19.37,21.06,77.42,6.57,12.9,10.15,74.06,40.65,27.17,38.19,9.42,25.44,56.23,20.28,21.53,4.89,22.15,20.46,8.08,30.97,4.5,13.42,22.54,22.74,38.82,25.95,55.18,121.1,26.15,26
58,SFRS12,16.42,10.60,1.000,1.55,0.65,11.97,11.33,13.68,4.82,16.93,45.66,10.58,10.67,13.28,7.21,4.4,21.86,25.44,16.2,8.92,17.14,9.14,4.36,4.53,13.14,12.71,5.33,3.67,5,14.23,3.89,4.21,3.18,8.5,13.04,17.84,13.72,14.43,6.98,17.15,7.2
60,RBM4B,8.37,6.92,1.000,1.21,0.83,5.93,6.45,8.34,5.78,8.02,18.05,5.99,6.96,6.48,6.42,14.47,23.2,9.67,7.77,1.29,5.68,2.75,8.2,19.66,3.68,3.68,1.95,3.1,1.3,5.01,4.11,1.38,3.24,1.9,7.2,11.51,6.29,10.03,12.3,4.88,6.6
60,SNRPD2,192.61,146.39,1.000,1.32,0.76,217.33,146.25,355.49,328.89,124.94,111.21,64.19,153.33,360.47,391.58,197.43,277.04,357.66,214.18,85.11,141.11,76.88,100.96,93.13,77.84,111.6,49.2,108.62,68.74,78.79,135.08,44.03,77.3,121.02,143.75,120.24,128.31,140,186.64,86.62,118.7
61,CWC15,36.31,26.88,1.000,1.35,0.74,36.86,21.79,26.88,13.15,74.15,55.58,25.74,37.49,50.55,21.24,4.76,20.12,46.43,31.55,20.12,36.3,34.55,15.94,15.2,22.92,22.51,17.08,13.8,23.43,25.07,13.04,16.07,15.39,19.82,31.69,30.94,28.24,62.53,43.43,34.92,24.25
63,NOVA1,3.90,5.53,1.000,0.71,1.42,3.26,3.8,4.68,2.41,5.26,4.24,3.65,0.97,0.01,0,1.65,2.26,3.16,0,14.35,4.13,21.77,18.2,36.9,12.32,7.98,0.93,1.23,2.09,3.76,1.87,0.13,0.14,0.81,3.36,3.11,6.33,5.6,4.9,2.32,0.02
63,SFRS4,62.49,52.21,1.000,1.20,0.84,86.14,39.38,90.87,52.14,82.38,60.38,26.17,33.38,90.16,27.94,21.6,41.89,162.59,65.7,62.06,71.67,31.09,32.08,70.18,39.96,79.98,21.58,42.25,56.13,32.43,37.33,18.11,19.05,83.38,73.53,56.92,63.35,42.59,52.65,42.79,41.73
65,SF1,87.07,70.13,0.824,1.24,0.81,112.48,77.72,122.15,120.33,84.45,36.64,55.72,38.25,115.36,31.63,45.07,74.87,140.43,120.22,50.95,92.38,46.06,65.12,131.69,55.11,49.95,20.75,50.73,58.38,46.99,50.96,23.21,31.53,52.24,81.58,98.45,87,88.5,142.19,59.2,84.92
65,RBFOX1,0.40,8.01,1.000,0.05,20.25,0.44,0.64,0.5,0.17,0.68,0.02,0.32,0,0,0,0,0,0,0.01,0.01,0,57.97,40.76,27.47,1.07,0.08,18.02,14.08,65.58,0.15,0.1,0,0,0,0.07,0.07,0.18,0.9,0.27,5.59,0
67,NOVA2,4.70,3.50,1.000,1.34,0.75,3.29,3.14,4.82,16.92,3.21,0.25,1.24,0.1,0.02,0.01,3.03,0.15,0.68,0.05,3.98,2.47,5.81,32.26,20.41,1.94,1.25,1.24,5.25,0.28,1.21,2.35,0.27,0.5,5.65,3.25,0.98,1.08,1.54,4.82,0.9,0
67,RBM10,25.49,16.59,1.000,1.54,0.65,48.23,17,34.26,51.75,14.22,1.63,11.36,11.77,39.69,9.18,25.41,13.89,45.57,40.05,10.11,13.19,6.25,24.79,47.17,8.39,9.35,4.41,19.02,7.51,10.95,18.92,3.93,10.89,6.81,12.67,19.92,14.78,9.2,10.32,14.95,11.9
68,U2AF2,63.57,43.99,1.000,1.45,0.69,111.8,34.97,101.14,96.27,54.84,1.74,44.22,36.21,100.1,44.05,67.12,48.96,155.04,106.26,14.32,37.28,15.3,46.09,102.07,14.58,21.34,10.8,35.47,13.12,21.63,42.1,11.56,21.21,30.55,57.86,38.91,26.09,34.18,61.84,30.61,31.07
69,SF3A1,55.63,44.62,1.000,1.25,0.80,63.49,54.86,85.89,85.19,47.09,16.43,36.48,18.65,47.54,13.98,10,24.54,114.69,71.03,41.05,38.93,27.98,33.8,78.53,29.94,34.34,19.21,29.34,68.68,25.68,34.91,11.72,14.02,29.82,40.86,48.73,46.6,75.57,150.14,41.87,71.92
72,PCBP2,351.14,289.41,1.000,1.21,0.82,446.64,384.96,478.65,447.22,370.49,102.4,227.61,216.39,472.45,107.87,189.54,345.82,323.08,378.67,403.2,290.19,172.06,167.12,331.25,272.74,295.1,152.73,166.44,202.94,265.82,374.19,117.04,160.06,347.31,421.88,401.81,320.01,376.28,397.67,302.78,420.44
72,PCBP3,3.41,3.80,1.000,0.90,1.11,3.03,4.07,2.96,7.74,3.96,0.23,1.88,2.42,0.79,0.12,0.02,1.47,1.45,0.02,1.92,3.28,3.58,7.57,37.36,4.56,2.34,0.2,0.75,0,1.98,0.93,0.25,0.08,0.77,4.91,1.65,1.49,8.64,21.36,0.27,0.03
72,RBMX2,18.92,13.72,1.000,1.38,0.73,29.91,10.63,19.23,8.7,31.42,18.28,14.24,21.95,31.31,11.02,3.94,24.79,33.48,20.41,13.35,18.93,11.41,7.56,8.57,11.02,19.64,5.18,5.33,4.72,10.01,7.13,4.99,4.52,10.36,17.6,13.6,21.08,17.86,8.43,13.99,15.62
73,PRPF40B,7.98,6.20,1.000,1.29,0.78,12.34,6.27,9.27,12.69,9.05,0.59,5.67,3.11,3.92,6.95,2.6,4.24,2.32,1.34,2.92,3.9,3.86,12.99,9.45,2.01,1.95,3.49,8.47,8.69,5.02,10.53,1.11,1.84,3.1,2.35,7.47,8.37,10.79,37.56,8.98,0.36
74,RBM14,30.21,18.47,1.000,1.63,0.61,14.73,27.41,37.34,64.52,36.54,3.76,27.14,9.28,13.51,9.06,40.33,16.41,55.05,38.75,9.13,9.2,6.71,17.21,36.15,10.68,10.19,4.09,12.02,8.93,19.96,15.34,6.86,12.28,19.13,33.89,15.38,17.52,19.79,34.86,10.32,23.73
76,CPSF7,32.94,24.48,1.000,1.35,0.74,29.08,37.4,43.65,34.27,47.68,10.36,28.12,14.99,29.83,17.53,24.56,39.22,57.39,50.69,14.99,29.31,24.43,26.03,36.29,13.88,10.86,10.01,13.8,15.84,17.82,18.12,7.88,11.46,17.72,33.58,29.25,26.32,26.1,37.15,26.8,27.96
76,ESRP2,11.25,6.51,1.000,1.73,0.58,11.82,9.76,8.45,25.68,9.92,2.12,11.03,0.41,0.07,20.32,0.44,32.78,9.93,12.11,0.3,1.26,0.27,0.22,0.76,1.8,1.4,0.07,0.22,0.2,6.81,11.95,16.8,15.76,5.56,0.88,1.22,4.01,5.53,20.24,17.36,0.18
79,RAVER1,21.67,10.61,1.000,2.04,0.49,24.64,16.22,28.18,59.43,12.34,0.83,10.06,9.95,27.7,2.12,4.23,6.7,43.6,19.56,7.34,13.83,2.75,7.68,11.01,5.1,5.44,2.59,7.22,2.9,7.78,13.62,1.96,3.23,8.01,15.55,16.17,9.49,8.38,16.56,9.74,17.59
79,RBM17,41.46,30.51,1.000,1.36,0.74,54.02,31,49.17,28.82,50.73,54.71,21.8,25.21,42.02,11.43,4.16,56.72,61.66,40.61,27.88,47.98,33.04,20.23,25.61,28.47,35.05,16.65,18.97,24.34,25.88,15.44,9.09,11.72,47.1,43.92,38.6,30.15,39.56,39.16,39.15,24.96
79,SRPK2,20.56,18.94,1.000,1.09,0.92,25.03,21.04,17.81,13.65,24.11,24.27,17.98,14.67,15.94,17.14,4.04,26.98,17.31,14.24,9.82,11.98,64.38,37.02,27.48,13,11.52,7.46,3.21,4.89,10.38,3.63,5.24,2.55,12.07,12.49,15.95,11.36,51.15,76.56,13.98,32.78
80,SRSF5,104.49,67.11,1.000,1.56,0.64,123.28,77.81,96.25,46.68,122.84,212.86,51.74,54.37,127.26,60.31,20.98,212,122.12,81.21,50.97,137.99,113.53,65.43,55.09,66.92,13.31,30.55,35.93,8.03,43.63,51.45,31.94,35.09,46.43,50.27,97.79,45.8,33.7,49.93,152.14,52.1
83,KHDRBS3,12.76,16.13,1.000,0.79,1.26,17,11.11,17.31,10.68,16.86,6.77,9.62,6.37,0.42,2.24,9.26,1.4,5.95,4.02,6.13,6.4,31.7,34.61,12.27,6.41,13.05,4.35,5.15,16.05,16.61,9.12,6.39,2.94,6.15,9.84,6.16,12.63,77.32,144.44,10.41,0
83,MEX3D,17.08,8.04,1.000,2.13,0.47,10.05,4.71,28.08,51.61,16.48,1.17,7.45,8.17,0.68,3.94,36.8,2.14,7.31,10.75,6.47,1.47,2.27,9.43,7.44,5.1,3.88,1.35,4.79,0.83,2.15,3.82,1.47,4,6.48,3.95,4.47,6.7,10.37,72.36,3.38,1.06
83,SFRS2IP,24.42,15.82,1.000,1.54,0.65,23.58,19.19,19.55,11.71,26.16,51.54,19.19,17.19,28.16,21.23,10.47,34.93,25.44,30.78,20.54,16.81,8.64,4.01,4.87,14.73,13.64,12.78,5.49,10.52,15.26,5.03,6.66,3.41,14.61,18.43,20.12,13.46,12.16,7.99,19.29,42.22
85,MSI2,21.07,13.67,1.000,1.54,0.65,28.03,17.29,30.44,22.54,28.05,10.71,10.46,5.37,40.72,11.24,10.38,36.02,31.4,21.96,3.98,6.09,17.78,11.8,24.55,4.77,4.03,17.24,13.36,13.63,13.24,14.5,1.97,2.01,5.79,10.45,14.65,7,9.5,12.17,23.67,7.02
85,SF3B2,119.89,75.14,1.000,1.60,0.63,240.07,84.56,109.25,117.18,164.36,63.19,60.59,67.99,210.26,40.64,40.05,106.35,157.35,126.82,63.72,91.55,71.03,62.41,79.36,47.57,43.82,20.53,32.19,42.07,52.75,60.03,22.57,26.59,53.96,66.73,89.35,63.96,122.83,158.76,85.14,72.66
91,BCAS2,55.45,42.78,1.000,1.30,0.77,103.57,36.51,46.34,16.19,64.05,82.64,38.86,26.42,58.13,29.01,9.93,361.85,77.14,48.6,20.2,35.88,62.96,22.43,18.94,34.72,27.92,16.73,10,10.4,29.37,12.24,17.96,10.96,21.41,19.09,49.98,34.95,46.03,27.12,77.24,22.91
91,CELF3,0.40,3.93,1.000,0.10,9.86,0.44,0.42,0.88,0.36,0.51,0.02,0.16,0.04,0,0,0,0.06,0.4,0.02,0,0.02,6.31,40.29,63.1,0.01,0.36,0.03,0.02,0,0.03,0.42,0,0,0.02,0.06,0.05,0.15,0.33,2.22,0.01,0.06
91,HNRNPUL1,95.68,62.04,1.000,1.54,0.65,77.86,64.1,138.92,110.65,149.84,53.04,75.37,41.88,69.63,17.08,31.34,58.47,143.03,143.49,84.48,82.32,36.73,40.91,70.57,54.67,64.91,30.4,45.71,50.18,31.39,41.57,18.68,18.05,51.96,59.36,80.74,68.06,84.83,115.52,80.21,83.04
91,LSM1,29.53,20.29,1.000,1.46,0.69,41,26.44,23.28,17.82,47.92,17.33,32.94,36.37,31.15,13.99,8.14,13.66,31.13,35.44,11.26,25.49,17.67,13.01,13.18,18.61,20.77,20.58,16.01,6.26,28.26,18.36,17.22,11.4,15.72,30.3,19.09,24.88,33.39,14.83,17.69,24.56
91,LSM4,99.42,51.56,1.000,1.93,0.52,123.75,66.26,143.46,204.17,99.56,17.19,41.52,42.67,55.24,94.5,54.45,50.53,134.65,202.5,22.78,43.94,22.12,55.87,50.67,23.22,26.15,20.44,39.43,25.82,34.61,91.26,22.64,31.59,33.79,37.44,29.9,33.85,52.96,91.92,34.93,35.29
91,SMNDC1,31.84,18.11,1.000,1.76,0.57,28.02,32.31,20.47,11.11,56.46,50.91,23.61,15.51,19.15,12.41,5.03,26.62,34.35,25.07,19.93,21.41,12.37,5.07,6.6,17.69,25.62,11.45,3.94,31.19,20.93,5.07,7.88,2.36,31.33,28.04,24.95,21.93,29.25,8.05,19.44,32.67
93,RBM47,15.40,12.36,1.000,1.25,0.80,12.73,20.97,10.65,25.73,9.47,13.36,14.91,1.21,7.95,3.98,0.03,11.75,1.86,4.85,5.47,10.8,1.33,0.25,0.06,12.21,14.37,1.28,0.68,0.51,79.29,27.44,14.52,7.95,16.44,8.81,8.27,11.66,12.31,4.01,58.9,30.11
93,SMU1,17.96,12.35,1.000,1.45,0.69,11.11,17.37,13.42,11.24,27.26,21.88,23.44,10.25,11.96,13,5.93,13.46,23.47,19.29,13.01,17.37,17,9.25,10.81,13.68,10.3,6.61,4.33,9.94,11.5,5.42,5.29,3.56,10.93,11.96,22.17,13.36,17.7,9.11,16.25,21.24
97,LSM5,18.86,12.57,1.000,1.50,0.67,16.53,27.65,10.38,9.29,19.88,25.11,23.17,9.87,13.91,15.39,3.81,67.75,26.74,31.69,6.84,17.75,10.66,2.35,1.44,11.76,11.95,9.41,2.41,5.27,12.15,2.6,9.38,4.12,7.12,13.97,12.35,12.41,13.03,1.23,16.35,10.96
97,RBM39,107.58,66.18,1.000,1.63,0.62,147.56,92.87,75.23,42.67,153.4,168.61,72.69,66.22,162.06,25.98,15.43,97.24,118.88,73.7,33.93,96.52,45.96,38.29,40.19,51.75,82.41,29.51,29.7,23.38,86.76,35.19,28.47,31.13,89.68,132.29,103.47,100.65,69.03,36.94,110.81,63.59
97,SF3B4,46.79,26.44,1.000,1.77,0.57,39.07,57.72,42.32,60.17,55.5,9.32,63.41,30.44,27.84,19.54,43.31,75.72,59.12,57.97,16.5,28.23,10.29,15.66,21.01,15.56,11.45,7.74,12.53,9.34,17.85,18.42,7.97,11.03,16.79,16.71,35.81,21.31,39.25,63.83,20.46,34.98
97,SNRPB,185.37,87.58,1.000,2.12,0.47,430.04,123.27,214.35,280.39,126.75,2.68,120.09,57.94,270.12,154.15,227.48,91.89,448.54,193.63,57.97,121.15,38.45,30.19,58.17,39.31,45.39,17.4,37.45,27.51,34.73,56.88,19.85,31.22,69.41,47.18,57.82,31.31,78.38,64.84,69.1,62.38
99,PRPF8,93.89,62.20,1.000,1.51,0.66,125.39,115.89,117.65,137.09,61.42,47.62,52.17,30.58,136.7,49.63,89.16,120.15,195.46,119.5,43.98,44.02,33.25,50.31,101.19,25.97,32.67,26.48,34.21,78.89,29.98,34.53,15.7,16.78,37.97,50.51,69.11,52.46,55.15,111.4,49.04,69.08
99,QKI,23.97,18.09,1.000,1.33,0.75,17.71,25.12,26.48,13.98,35.3,22.04,27.17,11.3,6.02,9.2,15.95,19.7,16.66,11.36,21.87,17.28,52.68,20.57,7.1,26.33,16.58,44.38,14.02,45.17,13.79,2.75,7.23,2.68,17.87,18.12,17.71,16.98,20.79,9.55,19.55,21.46
101,MAGOH,50.35,33.81,1.000,1.49,0.67,82.21,43.43,67.7,36.97,59.15,34.21,28.8,26.06,56.22,34.39,8.65,53.33,110.86,73.15,25.72,60.84,24.35,13.86,13.47,24.03,28.7,14.98,14.32,9.82,23.87,22.69,19.38,19.62,21.02,30.07,43.78,35.48,44.92,26.79,62.13,37.93
101,SNRPC,114.70,62.09,1.000,1.85,0.54,86.46,182.57,111.98,125.66,143.95,24.16,128.12,69.91,78.51,104.7,174.52,121.54,179.7,122.71,23.86,53.99,24.28,32.64,30.26,27.53,26.35,51.35,67.51,38.29,32.11,41.57,28.32,33.53,26.88,44.14,33.26,45.68,73.73,129.82,44.81,39.1
103,PRPF38B,63.71,21.04,1.000,3.03,0.33,48.84,22.74,29.89,19.27,42.34,263.22,19.68,18.9,36.08,13.13,6.44,44.9,67.64,38.06,14.32,31.86,13.59,8.74,23.75,13.44,29.28,6.96,8.8,12.68,18.2,6.77,4.46,5.15,20.61,37.83,22.44,22.6,25.11,14.61,22.43,21.32
103,RBM19,12.77,7.35,1.000,1.74,0.58,24.06,10.41,12.11,16.28,11.65,2.21,12.67,6.17,18.9,7.22,6.06,6.99,24.68,18.01,5.47,8.85,3.6,8.69,7.29,4.33,4.95,3.09,5.04,7.39,4.65,6.72,2.07,2.32,3.83,6.87,5.76,5.32,5.72,12.04,8.12,2.95
105,FUBP3,31.70,23.27,1.000,1.36,0.73,45.38,28.64,38.77,33.04,33.59,20.46,21.99,20,16.96,20.59,11.19,52.44,52.76,73.1,23.27,31.53,31.59,15.83,15.11,22.46,19.32,10.26,9.74,4.41,20.13,12.2,15.94,13.79,14.03,15.12,26.56,23.3,23.97,12.35,50.86,16.12
105,RBM7,13.59,8.45,1.000,1.61,0.62,6.61,19.55,13.05,7.04,17.6,15.94,15.35,9.97,4.1,7.84,4.48,3.88,7.73,5.69,11.4,11.18,5.54,2.31,2.34,10.92,13.43,5.3,2.15,5.44,11.18,2.29,5.23,2.36,16.83,13.13,19.8,13.78,15.78,7.87,11.16,11.83
108,HNRPLL,17.13,10.91,1.000,1.57,0.64,15.37,24.11,16.98,12.77,23.76,10.24,16.71,11.42,6.55,11.73,6.7,17.79,10.77,10.59,9.27,8.58,13.65,6.48,11.12,10.51,13.91,5.63,2.86,6.01,9.63,3.49,3.23,1.42,16.48,14.92,14.83,17.81,26.29,17.55,17.54,9.59
108,KHSRP,94.22,40.56,1.000,2.32,0.43,134.79,67.59,154.82,139.74,100.16,8.92,53.54,34.75,76.15,16.5,21.9,14.39,220.28,70.93,33.03,30.74,24.33,32.19,71.45,20.38,24.17,10.69,20.36,31.44,16.65,25.04,11.62,14.91,22.6,30.62,44.74,32.28,52.61,108,37.44,26.03
108,SNRNP200,82.97,42.88,1.000,1.93,0.52,113.79,94.71,110.55,121,62.37,20.07,58.33,21.53,95.28,37.32,50.59,126.32,124.92,104.97,27.69,40.81,20.97,29.14,54.29,20.19,18.59,15.66,22.1,35.24,23.03,26.14,11.15,13.8,18.73,34.84,48.35,34.5,38.94,67.74,38.6,42.18
111,CSTF2T,16.30,10.40,1.000,1.57,0.64,14.45,15.53,19.46,16.36,24.36,6.78,17.13,6.71,9.44,5.65,2.62,7.27,18.5,21.88,9.27,16.27,12.3,12.44,8.85,10.8,6.6,9.59,7.34,7.39,12.6,5.19,4.94,3.46,6.78,12.93,24.78,9.08,11.48,7.91,11.94,17.61
111,HNRNPA1L2,131.21,62.15,1.000,2.11,0.47,110.41,87.72,301.94,189.44,68.04,126.13,34.8,26.63,58.88,31.71,16.8,70.8,132.74,88.18,123.6,179.83,68.74,29.88,38.65,63.26,92.79,9.35,31.25,15.2,31.37,40.98,8.94,15.63,25.7,28.09,235.57,41.45,73.03,57.37,113.21,52.59
111,TIAL1,43.69,29.98,1.000,1.46,0.69,43.64,51.1,41.21,24.4,52.64,51.46,41.36,33.5,66.55,34.89,18.26,59.44,42.88,46.96,27.83,34.59,28.87,17.15,24.27,26.98,26.47,18.52,9.6,30.9,25.94,9.6,13.77,10.63,27.01,53.26,36.65,25.71,27.36,21.11,37.65,33.06
112,PRPF3,28.05,20.90,1.000,1.34,0.75,37.07,23.2,30.65,19.55,33.44,33.56,18.87,18.5,33.27,16.35,9.31,109.07,49.11,33.31,10.92,22.99,8.93,12.19,17.32,13.28,12.78,5.49,8.97,7.58,13.75,10.09,4.91,7.42,15.88,23.46,30.7,21.57,25.67,24.79,26.15,12.36
113,ROD1,34.44,16.76,1.000,2.06,0.49,12.87,40.73,22.16,15.91,50.65,64.02,34.73,9.46,11.3,24.69,11.02,63.05,16.6,25.86,24.56,21.91,5.44,1.82,1.58,13.7,13.6,4.58,1.81,4.2,24.71,4.21,5.22,1.53,29.15,27.44,13.13,14.48,18.34,6.2,11.55,74.85
115,LSM3,24.34,13.50,1.000,1.80,0.55,36.83,23.45,17.22,7.34,33.03,32.38,20.1,11.13,25.96,12,2.18,32.66,29.35,21.95,8.41,19.43,14.39,5.22,4.72,13.74,13.76,10.6,4.79,7.39,14.78,9.49,7.42,6.27,9.97,12.6,11.79,15.37,27.72,11.31,17.02,10.18
115,RBPMS,88.96,42.49,1.000,2.09,0.48,74.02,92.53,94.84,143.98,134.21,33.96,49.18,108.35,0.13,7.25,12.35,27.2,3.56,11.33,108.31,44.96,3.45,2.27,2,47.86,80.78,48.23,68.09,10.59,53.33,70.82,25.15,9.12,86.93,62.42,45.52,146.71,54.19,53.69,37.62,0.12
117,ELAVL1,25.29,13.93,1.000,1.82,0.55,33.15,29.54,24.61,27.64,38.02,6.39,17.66,10.53,25.32,14.91,13.81,13.6,32.08,18.34,10.56,12.31,8.65,9.59,14.23,9.36,10.47,8.12,6.85,10.59,11.7,9.07,6.12,11.86,12.79,19.44,16.07,16.09,21.32,27.17,9.38,13.58
117,RBFOX2,33.96,19.92,1.000,1.70,0.59,37.06,33.03,53.34,50.08,21.05,17.11,26.02,32.62,0.19,52.6,82.98,15.04,31.82,31.33,10.63,7.06,13.19,26.82,66.76,7.93,13.44,12.06,15.42,6.75,6.5,7.99,4.29,5.68,9.64,13.23,17.78,18.05,20.71,33.97,13,0.22
120,CELF4,0.73,4.75,1.000,0.15,6.51,0.78,0.8,0.57,0.8,0.56,0.63,0.97,0.13,0.01,0.02,0,0.04,0.51,0.37,0.07,0.42,37.97,44.9,47.23,0.07,0.69,0.08,0.1,0.04,0.36,0.35,0.01,0.04,0.11,0.26,0.54,0.15,1.42,1.68,0.2,0.03
120,SNRPB2,48.37,27.90,1.000,1.73,0.58,42.48,44.58,36.15,19.3,80.09,61.14,54.84,46.38,29.97,26.36,13.35,58.62,54.5,28.29,25.38,49,30.8,8.52,4.98,27.29,35.87,13.77,6.27,15.45,32.79,11.51,13.6,8.42,24.31,32.84,44.17,29.6,43.83,10.4,41.1,41.73
120,SNRPE,99.01,40.33,1.000,2.46,0.41,61.92,62.99,68.34,32.06,269.93,72.56,125.28,19.58,179.17,16.19,4.18,46.56,151.92,76.04,44.37,73.29,39.47,8.92,11.14,42.89,63.67,7.09,9.08,8.29,23.34,11.14,11.97,11.46,12.32,25.13,94.02,22.85,65.88,13.62,56.12,19.83
125,ELAVL3,0.67,10.24,1.000,0.07,15.25,0.68,0.4,1.53,0.76,0.9,0.11,0.32,0.02,0.05,0,0,0.03,0,0,0,0,34.24,74.1,184.69,0.01,0.48,0.09,0.29,0,0.03,0.03,0,0.02,0.1,0.09,0.02,0.26,0.75,1.72,0,0
125,LUC7L3,55.50,23.67,1.000,2.35,0.43,102.56,36.89,39.99,15.48,56.56,104.56,32.49,25.1,74.75,15.59,6.95,45.71,65.41,38.03,11.87,34,17.67,20.89,28.04,23.73,39.4,6.35,10.93,5.52,18.03,10.11,5.17,9.52,16.09,27.39,38.03,19.04,26.15,11.07,28.09,7.67
125,PRPF38A,30.67,17.39,1.000,1.76,0.57,28.18,26.32,30.06,16.96,31.43,55.75,26,8.15,29.16,11.7,5.8,30.49,58.13,45.33,10.35,18.59,12.3,9.07,13.82,11.23,16.44,5.1,4.6,4.43,14.54,8.39,4.26,4.93,10.53,19.98,35.46,17.37,26.53,19.88,22.22,25.53
125,RBM15B,24.72,11.75,1.000,2.10,0.48,26.02,19.85,30.32,49.3,26.67,4.96,15.89,11.74,13.77,9.58,15.72,14.83,27.01,28.8,15.33,16.44,6.15,9.41,11.56,12.26,9.7,4.22,7.07,3.81,6.58,9.08,4.3,5.42,5.62,10.53,12.93,9.33,11.81,21.5,12.02,14.19
125,RBM8A,68.06,46.82,1.000,1.45,0.69,111.17,49.3,86.68,47.72,87.08,51.72,42.77,29.99,81.11,46.33,25.21,219.06,143.52,61.96,42.68,51.36,32.92,25.42,31.84,27.15,29.67,14.43,20.39,53,36.11,28.5,19.81,16.04,31.96,41.45,48.34,29.22,37.86,33.65,48.88,50.01
128,RBM33,11.22,7.49,1.000,1.50,0.67,12.01,8.32,13.94,13.12,12.18,9.93,9.06,3.25,16.55,2.48,5.58,9.61,18.66,9.02,5.16,11.42,7.27,8.81,23.14,5.48,3.41,3.06,4.44,5.96,5.18,5.39,2.36,3,8.2,15.73,4.63,4.67,4.88,8.53,5.6,5.88
128,SFRS8,18.31,11.82,1.000,1.55,0.65,25.73,13.86,19.52,23.83,19.57,15.07,10.6,10.03,17.87,6.21,9.64,15.42,31.43,17.8,10.55,19.17,10.01,19.68,23.05,7.1,7.68,3.6,9.06,9.29,5.7,9.39,2.53,4.06,9.17,12.32,13.06,11.9,9.87,16.69,12.45,7.99
128,SNRPN,3.01,1.66,1.000,1.81,0.55,3.45,1.41,2.15,2.47,5.19,0.99,5.42,3.13,0,0,3.91,0,0,0,0,0,8.63,17.22,2.09,0.08,1.66,5.01,2.02,0,0,0.32,0.16,0,0.49,0,0,0.65,0.61,0.43,1.87,0
133,BCLAF1,58.30,26.16,1.000,2.23,0.45,33.77,49.63,40.09,20.58,49.1,162.03,52.92,21.88,25.42,22.2,7.75,59.65,107.85,43.67,17.44,34.25,40.17,12,14.44,19.17,17.27,14.76,5.37,10.73,24.53,4.73,7.77,3.62,16.96,31.65,44.07,30.11,34.1,9.66,45.98,31.45
133,CSTF2,14.86,8.91,1.000,1.67,0.60,15.32,11.86,23.36,16.45,15.27,5.36,16.39,6.32,12.48,17.28,11.49,26.19,46.82,42.63,2.33,5.11,2.54,5.26,7.91,3.3,2.92,1.68,2.54,0.64,4.65,4.13,2.31,1.87,2.28,4.95,5.13,5.23,9.81,10.99,4.04,5.61
133,ELAVL2,4.95,3.15,1.000,1.57,0.64,5.42,7.27,1.07,2.63,5.98,3.5,8.78,0.21,0.04,1.09,0.03,0.02,3.84,0,0.02,0.08,16.98,11.31,5.2,0.11,0.1,0.01,0.02,0.1,0.14,0.08,0,0.01,0,0.18,0.24,0.25,36.86,14.45,0.04,0
133,MEX3B,5.35,4.45,1.000,1.20,0.83,5.77,3.52,8.62,10.75,3.11,2.2,3.47,4.79,0.09,0.1,11.26,4.67,3.24,1.26,1.06,0.69,1.04,1.86,4.38,1.11,1.65,0.66,1.69,0.31,0.37,0.12,0.1,0.12,0.56,1.52,1.82,1.53,20.2,62.27,0.4,0.31
133,PTBP1,157.91,58.32,1.000,2.71,0.37,147.22,114.08,206.99,318.17,156.2,26.07,136.61,47.38,96.2,58.02,158.34,61.79,266.57,194.54,46.89,68.95,8.77,12,21.32,26.97,26.82,10.4,24.09,11.34,42.26,51.34,22.24,32.52,58.83,61.67,49.79,39.01,39.75,55.81,38.76,59.03
138,LUC7L,42.43,22.54,1.000,1.88,0.53,71.44,29,54.72,49.51,46.71,25.78,19.82,27.55,27.81,13.46,20.59,52.51,40.21,25.1,9.25,22.18,15.86,34.94,45.28,15.56,19.43,4.81,16.91,4.36,21.09,24.05,4.88,9.48,18.69,32.82,25.21,18.84,35.07,42.24,20.13,5.4
138,PRPF4,17.20,12.30,1.000,1.40,0.72,16.69,19.81,19.29,15.63,18.86,15.2,14.94,9.16,17.46,19.45,6.26,36.83,38.51,43.04,9.17,12.25,7.68,6.51,5.94,6.3,6.07,4.79,4.08,6.18,8.36,7.04,5.1,3.96,6.42,9.26,16.64,10.77,11.47,10.13,14.25,13.63
138,RBM15,7.82,4.22,1.000,1.85,0.54,8.14,5.01,12.82,11.83,6.03,6.97,3.92,2.58,13.49,5.94,4.08,7.28,15.88,8.04,2.48,3.64,1.52,1.52,3.72,2.29,1.53,1.86,1.69,3.36,1.85,1.2,1.4,1.17,3.2,4.92,2.81,1.74,5.84,9.63,2.79,4.91
138,RBM34,45.07,18.26,1.000,2.47,0.41,50.1,31.58,21.52,11.46,58.43,101.76,40.65,25.03,50.19,11.92,3.7,18.31,48.97,23.47,13.51,25.15,16.5,7.85,5.22,17.56,17.41,10.38,6.4,14.46,17.62,7.91,9.43,5.25,10.47,18.84,20.39,18.88,37.29,23.72,25.26,18.46
138,SNRNP48,9.42,5.62,1.000,1.68,0.60,6.9,11.62,9.55,4.78,12.27,13.07,7.78,5,3.51,4.24,2.41,8.13,21.65,11.83,3.95,5.4,2.81,1.83,6.01,3.8,6.47,4.96,2.8,8.11,6.16,1.54,3.11,1.73,3.67,11.27,5.24,9.44,3.24,1.2,6.8,6.55
140,HNRNPH3,292.32,91.04,1.000,3.21,0.31,178.51,126.73,280.1,95.59,336.86,899.18,129.28,50.04,70.06,21.59,6.92,137.09,166.29,179.23,56.6,105.32,68.24,60.28,121.17,65.34,190.89,33.51,64,53.43,103.69,53.16,18.58,28.34,99.63,130.23,179.13,134.21,125.03,104.48,144.41,69.36
140,SFRS6,81.69,43.69,1.000,1.87,0.53,81.65,68.24,53.44,47.42,83.5,125.7,111.9,49.42,129.63,54.34,37.11,117.78,108.17,58.81,13,69.11,27.24,23.14,26.78,33.62,10.92,17.54,14.53,6.73,49.1,21.92,31.92,17.96,17.13,50.16,67.35,46.78,35.77,21.51,71.43,37.98
143,HNRNPR,112.93,62.50,1.000,1.81,0.55,134.16,120.06,111.1,74.19,114.38,176.18,60.47,51.61,87.98,67.55,30.15,141.22,199.5,208.43,47.64,85.9,65.53,32.21,43.52,32.36,45.6,25.03,20.18,24.83,41.94,19.99,20.18,10,54.35,58.61,90.16,45.57,64.69,30.61,100.74,66.35
143,RBM6,42.26,23.18,1.000,1.82,0.55,61.59,25.38,38.86,22.99,71.29,39.09,36.6,21.85,59.39,17.87,9.72,50.23,46.08,27.48,13.38,36.54,14.41,18.7,29.87,17.69,10.65,8.26,17.84,7.41,19.41,20.08,5.72,10.25,16.66,40.37,33.77,20,22.69,30.71,32.01,13.09
143,SFRS9,138.66,85.10,1.000,1.63,0.61,115.71,100.07,216.64,182.55,168.06,72.96,114.62,80.26,97.01,93.02,67.94,166.21,259.23,127.75,64.26,92.32,49.14,61.83,70.04,60.01,67.88,16.5,36.9,14.71,85.07,96.83,49.15,58.1,82.48,101.28,85.23,67.46,99.36,139.46,93.17,85.27
146,BUD13,16.48,9.23,1.000,1.79,0.56,27.55,12.34,18.55,11.9,20.68,10.15,14.2,4.82,14.16,7.18,12.21,9.9,15.5,6.67,5.67,12.43,2.43,5.36,9.25,5.79,7.26,2.9,3.45,8.62,5.73,5.06,2.44,3.67,8.26,11.36,13.06,11.44,20.54,31.06,9.27,12.1
146,HNRNPL,265.40,111.80,1.000,2.37,0.42,274.73,207.7,345.11,320.23,382.62,46.89,280.5,99.36,175.02,101.93,117.31,146.24,298.65,210.73,103.85,155.94,73.31,81.14,139.22,74.92,89.12,46.23,57.28,72.93,79.59,86.22,47.18,37.86,163.03,129.97,79,98.26,104.96,146.65,112.77,113.52
146,SNRPD3,73.16,40.30,1.000,1.82,0.55,105.25,73.94,83.61,86.77,55.59,76.37,30.59,42.41,52.92,44.28,47.01,57.18,166.97,95.08,16.36,40.23,25.38,24.48,32.79,18.96,24.96,20.88,25.52,21.2,35.29,37.64,34.77,33.13,27.59,33.99,31.58,36.97,30.27,34.11,38.41,38.25
149,HNRNPH1,331.27,158.38,1.000,2.09,0.48,493.63,210.72,333.23,183.46,243.64,595.78,258.4,83.93,401.36,92.81,61.79,478.51,546.35,332.69,88.97,263.03,103.46,60.2,135.16,139.24,114.11,44.35,67.15,42.71,117.03,63.41,36.58,63.35,136.49,184.16,268.79,132.8,132.18,126.35,185.48,90.49
149,HNRPDL,146.09,64.32,1.000,2.27,0.44,217.42,84.99,111.79,63.78,185.51,272.22,86.89,53.39,89.55,50.01,26.79,97.77,148.7,104.34,48.17,152.44,100.22,54.51,44.99,47.83,31.31,31.37,23.17,35.54,45.71,30.29,24.15,12.37,70.16,47.99,135.36,63.5,77.93,37.4,137.72,42.53
149,PRPF4B,38.27,16.84,1.000,2.27,0.44,55.24,37.41,24.56,16.65,26.24,75.39,32.38,18.04,36.17,16.89,6.23,33.67,49.67,25.57,9.8,18.77,13.02,8.2,10.16,12.12,13.42,9.53,5.51,5.72,18.22,5.42,6.28,3.51,14.15,24.59,25.12,18.24,18.98,7.08,29.38,24.86
151,HNRNPF,143.30,79.08,1.000,1.81,0.55,168.92,150.31,130.09,167.18,196.48,63.89,126.25,55.69,126.66,121.83,73.65,179.05,146.77,170.99,57.97,97.42,31.69,21.11,34.17,39.64,69.35,21.58,30.92,43.41,72.74,43.2,56.39,43.31,102.09,112.53,94.87,70.46,83.17,106.07,63.02,123.52
151,SFRS13B,3.66,1.87,1.000,1.96,0.51,2.95,3.44,3.33,1.82,6.33,5.93,1.8,0.47,0.34,0.38,0.4,0.34,4.23,0.23,0.43,1.17,5.27,2.4,1.41,0.52,0.53,0.21,0.19,0.08,1.37,0.47,0.41,0.18,0.79,0.56,3.27,0.56,13.63,13.42,0.76,0.12
153,GRSF1,25.18,16.01,1.000,1.57,0.64,21.53,24.82,20.05,18.48,35.06,30.39,25.91,19.24,14.71,20.58,5.76,25.73,27.44,28.9,10.49,14.37,28.18,13.59,9.76,17.35,16.28,19.76,7.98,20.11,17.71,8.16,9.98,4.89,9.14,14.62,15.94,17.71,17.85,6.49,24.54,17.07
153,LSM6,57.35,22.13,1.000,2.59,0.39,79.62,31.53,58.95,24.62,88.1,93.39,25.21,12.31,53.27,9.97,4.16,16.95,53.24,29.09,35.1,32.53,13.67,6.06,11.58,28.96,28.92,7.5,9.9,9.45,13.26,11.22,9.61,8.06,24.65,22.52,32.91,23.91,49.84,17.41,21.56,44.07
155,CELF1,30.46,14.52,1.000,2.10,0.48,50.93,33.9,32.79,38.73,18.75,15.66,22.45,11.06,32.84,29.58,23.62,41.61,24.13,33.81,11.09,12.41,7.4,9.51,25.47,9.04,7.6,8.11,6.25,17.55,6.9,6.09,4.3,5.9,8.43,15.56,9.68,8.28,11.91,12.77,8.87,11.24
155,SFRS11,76.72,39.16,1.000,1.96,0.51,93.86,73.09,63.21,33.87,97.4,115.66,59.93,48.96,80.58,48.62,46.94,68.03,128.2,54.76,21.93,53.93,32.83,20.25,28.1,33.09,35.6,14.33,11.55,13.61,38.75,12.64,11.97,12.27,46.27,52.81,40.97,42.14,35.16,23.97,46.45,31
157,HNRNPK,345.34,214.24,1.000,1.61,0.62,409,341.97,369.3,238.6,407.65,330.52,320.31,175.62,304.93,238,143.52,401.65,435.61,393.82,251.48,305.79,222.02,96.66,113.62,212.04,209.9,107.79,79.56,109.67,192.14,98.09,109.73,71.28,253.59,216.47,274.88,202.92,241.93,125.81,296.61,327.87
157,RNPS1,99.01,57.41,1.000,1.72,0.58,85.9,95.49,110.77,134.93,111.05,64.07,90.89,37.59,66.13,56.3,102.48,92.31,137.35,120.22,35.51,58.12,39.11,63.8,80.15,27.47,39.11,24.59,31.57,68.94,34.73,31.19,14.02,13.23,49.5,60.31,52.07,63.16,81.23,90.02,47.28,47.27
160,CWC22,28.12,9.34,1.000,3.01,0.33,36.53,21.6,15.21,8.49,32.51,64.83,17.69,9.65,15.03,3.5,0.59,8.13,20.12,11.12,9.32,16.11,9.59,2.97,3.22,10.4,13.73,5.15,2.24,7.92,8.79,2.41,3.93,2.05,7.43,9.43,18.37,15.78,15.73,3.91,16.73,17.51
160,NAA38,28.20,12.52,1.000,2.25,0.44,19.94,22.51,23.46,14.03,48.36,16.71,52.36,13.92,21.51,17.99,8.69,32.24,28.55,20.54,13.43,22.27,6.01,3.55,4.07,13.38,8.77,7.42,5.09,4.62,11.16,5.61,5.62,3.83,11.95,17.53,13.24,10.39,15.45,7.49,12.15,16.7
160,SNRPA,77.92,28.19,1.000,2.76,0.36,47.91,83.83,91.71,116.2,118.74,18.72,68.31,17.16,38.63,27.52,68.89,40.22,81.9,75.38,25.07,30.71,8.23,16.17,20.58,16.15,24.3,5.25,16.67,19.71,12.83,25.38,6.24,12.08,34.5,34.18,23.54,38.35,22.47,35.93,22.07,17.47
164,EWSR1,190.43,97.60,1.000,1.95,0.51,211.89,129.48,249.03,237.65,199.97,114.17,190.79,86.47,139.91,109.12,171.13,126.65,284.19,201.62,68.23,141.79,76.12,95.17,158.45,55.42,33.43,40.09,79.46,52.11,47.3,83.04,33.19,36.71,43.55,60.37,64.47,64.06,96.22,207.87,101.09,73.31
164,RAVER2,11.47,5.01,1.000,2.29,0.44,6.89,15.36,8.21,6.77,15.99,10.38,16.72,2.74,0.07,5.07,3.18,7.27,17.66,8.94,3.75,4.77,5.01,2.47,6.16,4.38,9,10.72,4.25,3.27,5.17,2.66,0.25,0.19,7.92,3.71,5.67,9.55,4.66,1.68,3.75,1.41
164,SR140,42.76,14.08,1.000,3.04,0.33,32.55,38.3,23.42,12.39,45.54,114.01,33.12,13.46,23.87,14.99,3.26,37.47,67.1,32.72,8.57,16.63,13.57,5.79,5.48,9.71,6.39,6.69,2.68,7.57,11.11,2.72,4.07,2.73,6.26,8.28,22.67,15.97,15.47,6.28,22.69,14.09
164,CELF5,4.06,2.97,0.427,1.37,0.73,4.49,4.45,2.51,9.83,3.36,1.62,2.19,0.13,0,0.01,0,0.2,0.32,0.03,0.02,0,6.93,42.26,29.6,0.11,0.14,0,0,0,0.02,0.04,0.06,0.28,0,0.06,0.95,0.02,1.15,3.64,0.03,0
167,HNRNPA0,100.23,48.63,1.000,2.06,0.49,80.57,79.28,149.89,180.99,81.71,71.99,57.17,43.44,48.05,23.64,37.37,36.11,107.88,98.57,59.06,75.38,40.95,35.02,61.46,45.24,39.46,18.41,31.59,22.06,29.85,29.31,15.51,16.73,67.14,61.77,103.87,47.67,50.84,33.85,75.68,54.31
167,SRRM2,136.89,65.15,1.000,2.10,0.48,167.19,109.7,148.36,175.88,185.84,86.39,84.86,36.17,185.19,25.78,56.1,99.65,179.26,139.43,46.15,62.39,33.14,71.4,112.97,32.02,31.13,25.03,55.67,57.82,31.33,50.24,14.47,21.72,56.19,72.93,81.32,54.68,49.76,114.42,52.11,41.01
167,SRRM4,0.55,1.56,1.000,0.35,2.85,0.5,0.71,0.6,0.83,0.3,0.56,0.33,0.03,0.02,0.01,0.03,0.05,0.02,0.06,0,0.05,7.96,9.95,25.44,0.07,0.05,0.12,0.12,0.01,0.18,0.14,0,0.01,0.01,0.04,0.02,0.06,0.17,0.44,0.05,0.04
169,LSM2,57.13,26.52,1.000,2.15,0.46,74.72,45.59,65.56,74.9,62.42,22.75,54,15.09,71.4,33.14,59.74,33.43,52.5,31.93,16.4,26.25,12.06,20.35,22.84,15.69,21.29,10.7,15.52,21.94,22.28,21.06,9.74,10.67,26.85,38.04,26.48,33.46,26.98,27.87,13.21,32.06
169,SNRNP40,54.90,23.42,1.000,2.34,0.43,62.8,55.88,53.86,53.18,77.95,22.75,57.91,21.48,35.01,33.67,34.79,31.65,91.1,63.77,16.15,25.63,12.4,11.9,14.82,13.17,12.31,7.16,7.67,10.61,17.06,12.09,9.35,5.83,14.05,21.62,31.15,20.19,29.2,27.39,18.62,29.37
171,FUS,365.55,138.66,1.000,2.64,0.38,374.15,195.97,628.86,638.56,316.27,197.22,207.81,111.94,210.29,87.3,112.85,157.8,511.2,410.77,95.71,309.5,125.98,174.41,260.96,58,31.12,28.22,105.09,24.89,65.76,112.82,27.19,38.66,45.27,58.26,203.83,91.74,120.17,188.1,180.22,73.15
171,SF3B1,157.78,77.73,1.000,2.03,0.49,191.7,179.8,115.42,88.34,161.21,222.5,145.47,77.63,192.52,114.92,85.41,254.01,134.18,108.23,47.23,102.03,49.54,39.4,54.07,51.54,50.54,43.17,28.71,38.41,63.29,32.26,27.86,25.11,83.09,119.42,78.57,71.62,63.63,48.4,94.61,74.85
175,HNRNPA3,483.07,180.18,1.000,2.68,0.37,414.39,238.54,625.54,311.32,651.69,913.27,226.75,141.64,195.72,58.43,20.5,344.74,566.02,409.27,193.98,324.27,167.16,79.41,122.08,131.01,208.4,48.14,73.57,62.61,187.13,97.28,60.3,54.42,197.68,144.97,341.47,126.53,270.22,194.56,266.28,137.4
175,MEX3C,33.90,13.76,1.000,2.46,0.41,24.31,40.79,25.84,31.55,50.74,29.74,34.31,11.75,9.56,34.32,13.41,17.23,4.84,13.68,10.69,14.72,7.69,4.74,7.57,12.01,10.89,5.65,3.09,3.69,10.71,2.74,3.46,2.32,14.69,25.84,16.53,10.92,38.04,49.33,9.58,29.37
175,RBM28,21.12,8.78,1.000,2.41,0.42,24.18,18.26,22.68,16.84,22.61,32.91,10.33,9.83,11.07,12.43,3.34,27.57,41.64,24.03,5.66,9.6,4.65,5.71,5.99,6.61,3.79,5.84,8.31,2.73,6.25,4.49,2.94,2.52,4.21,3.82,8.8,5.47,7.48,6.97,9.38,3.44
175,SRPK1,36.71,15.91,1.000,2.31,0.43,34.98,37.23,33.5,23.66,37.13,47.84,42.6,12.38,19.26,30.28,8.54,25.36,61.88,38.22,10.16,9.21,9.74,5.4,6.76,8.31,11.01,5.98,2.46,14.19,12.48,5.27,8.39,2.74,12.29,17.84,14.56,11.77,39.32,31.5,9.23,16.73
181,SRSF1,107.52,43.11,1.000,2.49,0.40,93.05,89.23,98.74,81.68,109.75,175.44,104.75,26.52,52.8,50.78,26.42,152.78,179.04,118.32,25.64,37.47,22.92,18.98,36.45,29.63,28.45,16.69,18.39,14.06,44.25,18.56,20.09,13.42,26.13,47.02,54.18,35.26,36.11,17.77,40.86,41.2
181,SRSF2,156.48,58.02,1.000,2.70,0.37,79.45,180.09,111.93,175.25,129.26,320.14,99.23,43.78,83.31,69.16,110.74,192.58,197.49,143.64,28.45,70.98,34.1,36.63,35.95,37.55,19.86,21.32,29.08,9.64,50.95,29.61,31.22,24.07,52.53,68.98,61.85,43.14,39.14,34.77,50.4,31.77
181,TRA2A,62.76,31.78,1.000,1.97,0.51,58.19,48.93,53.8,42.76,101.93,83.53,50.18,30.76,60.99,38.26,33.89,48.23,80.43,45.2,18.31,43.87,22.74,21.82,26.1,29.56,26.4,13.05,12.99,9.21,38.53,10.68,8.7,7.9,22.54,56.88,43.57,44.64,41.01,21.96,30.14,33.24
181,U2AF1,178.67,84.06,1.000,2.13,0.47,185.42,163.69,249.29,215.76,221.92,121.27,93.31,68.05,103.45,54.65,63.95,188.12,289.5,143.36,69.04,132.24,62.43,53.43,74.7,48.86,92.09,21.74,57.56,37.43,58.49,66.23,26.32,38.17,68.95,61.38,111.77,68.92,86,115.66,120.11,55.22
181,RBM41,10.10,3.74,0.921,2.70,0.37,7.94,7.02,11.34,4.27,7.8,22.75,9.57,3.47,5.04,5.67,0.71,8.09,20.52,15.37,1.8,2.34,1.67,1.27,1.49,2.6,2.53,2.9,1.19,1.12,2.05,1.72,1.99,1.3,2.68,2.33,2.57,2.79,2.89,2.1,4.43,3.71
181,SNRPA1,100.85,35.23,0.524,2.86,0.35,178.66,95.4,82.15,63.44,120.55,87.39,78.35,21.62,112.81,41.19,15.67,110.98,110.36,86.37,18.45,69.9,19.3,16.68,20.25,13.3,17.44,12.55,11.55,7.9,22.7,17.21,17.82,10.41,26.57,24.94,25.03,20.89,44.75,42.59,48.46,13.95
183,SFRS7,121.60,49.88,1.000,2.44,0.41,166.61,158.3,107.61,90.13,105.62,149.13,73.78,24.49,114.91,72.07,39.51,149.01,158.2,90.38,22.73,51.96,27.8,25.25,31.55,25.8,39.61,9.82,17.5,13.6,34.69,14.85,21.36,16.02,35.81,79.4,91.31,59.67,47.68,49.28,53.93,28.47
183,KHDRBS2,3.38,0.49,0.398,6.87,0.15,6.56,4.54,3.32,4.42,3.32,0.2,1.32,0.01,0.01,0,0,0,0,0,0.04,0.49,3.01,4.85,0.52,0.04,0.02,0.02,0.01,0,0.13,0.43,0,0.01,1.81,0.2,0.02,0.14,0.04,0.27,1.65,0.55
186,SF3B3,57.25,25.23,1.000,2.27,0.44,48.38,63.84,61.74,63.01,75.29,34.82,53.68,18.97,47.42,21.59,20.01,74.96,88.36,53.95,18.76,24.59,14.85,14.48,24.13,12.89,17.15,11.63,11.83,25.69,15.07,12.43,7.2,6.48,15.92,24.44,34.74,20.06,19.14,18.3,26.06,30.71
186,SFRS18,78.19,21.26,0.941,3.68,0.27,111.67,51.5,48.72,23.21,81.58,194.68,35.96,23.35,75.43,11.65,5.31,33.94,45.11,27.88,9.75,33.68,15.8,16.41,30.74,19.26,11.74,7.76,13.96,5.91,19.73,12.22,5.03,7.65,13.11,36.92,36.65,17.07,15.83,16.54,37.13,10.88
186,RBPMS2,77.20,15.76,0.879,4.90,0.20,72.9,83.31,89.28,135.61,80.97,29.78,48.55,2.2,0.42,0,1.59,0.82,5.73,5.32,8.7,6.21,1.01,1.46,1.26,14.97,49.38,74.76,103.47,2.04,8.59,19.95,4.97,4.45,5.24,5.86,11.01,90.31,9.97,10.23,6.37,0.65
191,HNRNPC,352.91,137.37,1.000,2.57,0.39,384.9,280.31,253.75,169.54,761.9,244.2,375.74,108.77,239.38,180.44,93.49,275.76,374.58,249.25,95.68,179.29,127.71,52.51,61.7,96.73,172.59,37.05,36.72,56.63,113.1,59.61,52.55,42.69,164.19,200.05,218.34,148.93,148.59,74.29,140.8,182.25
191,HNRNPM,234.11,85.78,1.000,2.73,0.37,364.09,211.91,268.48,326.76,118.24,240.57,108.73,56.84,132.07,52.3,81.15,139.42,385.72,184.93,74.77,111.96,59.13,55.6,87.83,58.12,62.78,36.79,55.21,27.54,69.83,54.28,25.74,33.82,36.84,66.26,119.32,68.74,88.29,89,88.18,85.12
191,HNRNPU,371.51,138.52,1.000,2.68,0.37,447.92,287.83,371.39,252.89,371.56,723.25,145.73,107.85,208.9,80.84,29.13,223.67,463.6,359.07,137.51,149.44,122.94,76.29,95.65,116.59,145.36,57.55,56.61,99.58,122.67,61.79,39.56,28.09,83.71,129.41,232.06,122.79,187.3,126.29,181.63,171.24
191,PTBP2,31.08,8.78,1.000,3.54,0.28,11.95,25.4,23.85,11.01,41.15,74.1,30.08,5.68,2.71,2.76,2.03,12.27,17.57,9.95,5.39,11.85,23.17,9.88,7.47,8.62,15.99,3.85,1.62,5.57,8.22,1.41,1.36,1.01,5.57,8.69,8.86,26.14,25.12,8.66,10.34,2.87
191,RBM16,27.56,12.27,1.000,2.25,0.45,27.4,27.08,19.7,13.67,35.42,45.43,24.2,10.08,17.26,12.11,9.68,24.99,22.33,12.79,10.26,19.26,13.07,5.68,7.06,11.39,6.59,7.98,3.69,12.2,10.43,3.6,4.08,1.99,6.86,10.37,22.94,13.76,22.73,15.33,16.8,20.66
195,SF3A3,65.14,25.31,1.000,2.57,0.39,105.27,77.09,54,42.32,70.53,31.3,75.48,25.53,59,26.31,17.13,41.83,71.41,76.89,19.51,30.66,16.99,12.95,14.36,18.43,21.13,7.33,7.39,8.24,20.29,12.53,8.53,9.48,11.48,19.4,39.52,22.16,33.19,27.16,27.1,28.16
195,SFRS3,268.91,114.77,1.000,2.34,0.43,240.44,339.8,228.57,139.87,343.59,371.77,218.32,79.47,165.68,117.98,55.94,208.37,334.32,208.25,104.93,186.45,93.99,35.26,49.74,112.09,76.38,52.43,34.74,33.58,112.45,34.1,52.51,34.16,77.92,144.12,233.14,190.61,143.57,58.66,169.31,128.09
195,RBM25,123.24,27.16,0.727,4.54,0.22,131.15,65.46,66.75,30.39,89.82,428.02,51.07,40.94,62.33,14.91,4.65,53.4,79.76,47.46,18.36,40.61,32.26,17.33,21.13,25.26,20.17,11.84,10.89,16.17,19.95,12.02,5.77,8.74,23.95,20.62,32.12,22.4,36.82,29.24,38.29,20.34
195,SFRS13A,59.39,23.49,0.428,2.53,0.40,55.99,66.55,49.06,35.84,79.51,77.03,51.77,17.73,43.36,23.61,20.11,66.55,76.71,57.71,12.25,30.64,17.18,8.42,11.52,18.28,16.6,11.01,8.15,9.62,21.44,6.22,9.58,5.16,15.58,26,34.36,23.79,23.59,13.84,28.75,23.39
198,HNRNPAB,247.15,89.44,1.000,2.76,0.36,350.45,194.8,271.57,308.15,253.36,190.9,160.82,78.86,129.93,92.78,115.86,274.85,334.57,228.75,67.83,110.23,32.04,25.07,42.05,51.31,76.31,42.23,52.07,62.63,79.32,64.52,60.65,47.3,83.51,90.26,87.68,57.64,60.53,39.95,60.61,44.41
198,RBM26,33.93,15.34,1.000,2.21,0.45,33.33,24.47,33.2,17.88,35.24,63.96,29.42,11.68,22.33,10.62,5.72,15.38,63.55,31.17,9.95,23.38,14.97,9.26,15.19,13.27,16.11,5.39,4.83,5.59,11.81,4.13,3.78,2.84,8.1,22.83,23.61,16.36,24.36,17.42,13.83,17.43
198,SNRPG,345.56,89.54,1.000,3.86,0.26,650.84,121.71,296.38,103.89,264.45,728.43,253.19,77.55,196.12,117.29,46.65,355.27,205.15,161.47,43.97,93.31,37.42,22.74,34.17,62.97,76.62,48.6,52.32,48.61,72.42,68.45,61.93,38.47,91.56,93.84,81.07,57.78,129.86,50,103,68.05
199,SFPQ,202.23,71.63,0.625,2.82,0.35,291.15,129.56,231.84,172.06,205.09,246.48,139.43,61.48,136.59,51.68,46.65,145.4,270.69,209.02,44.27,83.47,45,37.38,51.51,54.51,33.56,25.15,31.69,40.85,71.43,29.32,15.6,22.03,24.33,72.66,118.97,58.89,100.72,54.94,78.13,61.46
202,RBM27,23.17,9.27,1.000,2.50,0.40,19.51,18.38,15.6,13.5,28.96,43.93,22.31,7.23,8.07,12.93,5.68,15.65,17.9,14.43,9.07,11.5,8.24,2.78,4.68,8.01,8.36,5.09,2.25,8.39,7.83,2.08,3.33,1.65,7.81,8.46,14.08,10.99,17.59,13.76,14.33,16.62
202,TIA1,34.78,12.40,1.000,2.81,0.36,18.86,41.81,29.35,18.79,52.91,33.05,48.72,16.22,10.54,13.22,14.46,35.69,17.85,13.04,6.57,12.2,9.67,7.88,8.49,11.64,11.34,7.33,3.65,3.47,19.79,4.09,5.33,3.7,12.18,26.55,21.24,22.68,11.4,4.05,11.43,13.92
202,SART3,41.75,16.05,0.186,2.60,0.38,71.91,32.1,43.06,42.09,32.11,45.64,25.33,10.92,55.31,7.92,3.79,26.82,38.4,25.7,10.99,15.61,13.85,16.49,27.8,7.96,9.07,5.6,8.88,8.03,11.46,11.12,3.89,5.03,10.37,19.39,19.1,14.78,18.3,21.94,19.17,17.83
203,SNRPD1,112.71,29.33,0.096,3.84,0.26,153.9,84.16,70.93,51.84,162.89,179.3,85.98,26.28,102.95,33.75,11.79,63.94,133.28,77.78,16.44,41.54,27.88,11.66,9.81,17.89,21.54,8.45,6.14,9.78,22.75,7.89,14.04,7.07,13.88,22.77,35.76,16.81,32.92,12.16,24.32,19.17
208,TRA2B,98.04,42.69,1.000,2.30,0.44,97.53,96.44,90.09,71.62,124.38,109.36,96.88,30.59,83.66,58.85,54.33,110.38,94.33,78.97,26.7,47.7,29.85,18.92,27.57,38.72,31.03,13.91,12.62,18.11,45.57,16.02,19.83,12.67,36.56,49.46,49.17,49.65,49.42,27.52,55.53,50.33
208,PRPF40A,44.07,13.80,0.306,3.19,0.31,44.9,37.77,27.37,18.4,50.97,83.84,45.21,17.69,21.96,20.84,8.31,29.81,39.77,23.12,12.2,16.7,11.25,3.41,3.65,9.95,11.63,6.89,2.63,10.93,13.84,3.28,6.65,2.89,11.26,13.06,17.29,12.96,19.11,8.61,18.39,22.03
208,ESRP1,54.77,7.85,0.150,6.97,0.14,54.56,64.63,18.23,36.74,75.04,72.41,61.77,1,0.03,56.23,0,109.47,0.01,0,0.19,0.01,0.08,0.12,0,3.7,8.56,0.03,0.01,0,8.67,2.14,0.22,0.09,9.76,0.29,2.26,8.37,2.75,0.4,13.27,0.11
208,SNRPF,75.47,23.93,0.111,3.15,0.32,131.69,42.2,81.74,66.62,90.36,75,40.7,24.54,35.22,19.3,7.78,38.41,101.06,63.81,20.35,43.21,15,9.69,11.69,17.48,20.92,7.43,9.89,5.05,17,13.57,19.87,14.16,16.93,24.11,31.3,17.72,28.17,13.71,27.2,19.32
208,MSI1,15.43,1.83,0.032,8.44,0.12,15.09,12.08,32.63,19.41,20.39,3.1,5.3,0.4,0.03,0.02,0.09,2.58,9.92,0.04,0.07,0.28,2.16,3.82,3.83,0.35,0.75,0.43,1.7,0,0.27,0.65,0.04,0.12,0.6,0.04,2.94,0.88,5.32,15.35,0.31,0
209,RBMX,305.94,76.21,1.000,4.01,0.25,254.17,226.48,187.29,168.83,658.65,210.03,436.13,57.56,152.05,53.22,31.55,205.07,256.07,188.61,54.89,90.68,66.87,31.95,35.81,44.97,73.12,38.67,30.65,101.34,46.94,35.56,27.68,19.05,58.17,51.81,95.45,103.6,52.98,46.84,86.69,72.32
214,HNRNPA2B1,760.50,242.67,1.000,3.13,0.32,746.97,465.48,828.53,367.41,748.22,1363.92,802.95,176.72,299.37,114.62,37.66,575.13,799.93,664.75,132.49,327.06,187.59,122.73,240.3,161.27,213.96,127.07,143.28,111.01,290.72,158.28,100.73,74.31,213.32,301.96,287.03,166.91,294.62,192.3,321.39,200.79
214,KHDRBS1,148.41,57.26,1.000,2.59,0.39,121.83,127.21,123.66,118.29,167.67,287.97,92.21,49.88,73.99,33.17,15.94,64.23,154.27,111.71,56.25,98.7,66,29.67,42.43,52.3,58,26.07,19.81,38.47,49.68,21.16,19.98,13.8,51.16,43.3,108.64,80.26,75.82,34.03,84.32,87.5
214,HNRNPD,304.12,78.10,0.869,3.89,0.26,336.68,150.44,323.49,197.21,292.07,696.74,132.22,49.39,135.19,19.92,21.64,90.84,262.52,163.72,107.27,131,80.02,45.44,63.44,69.66,77.78,27.55,48.46,32.53,58.11,56.62,27.04,22.24,59.53,61.03,155.38,81.63,90.91,47.3,102.02,76.6
214,FUBP1,146.83,35.83,0.120,4.10,0.24,131.42,98.77,109.99,82.86,115.99,379.12,109.65,32.19,65.63,55.78,48.01,90.06,104.19,126.74,17.78,28.47,15.56,17.05,30.46,15.41,19.67,14.18,15.94,17,24.98,14.84,7.19,4.65,34.97,38.97,35.2,23.79,25.38,23.6,54.95,36.42
214,RBM12B,19.39,4.77,0.044,4.07,0.25,10.86,13.23,15.72,9.08,14.51,57.6,14.71,3.64,4.77,2.85,1.48,13.49,14.15,12.73,3.39,4.66,3.16,2,2.15,2.84,3.91,1.9,1.78,2.18,5.47,1.25,1.09,0.89,2.8,5.62,8.51,4.28,7.72,3.95,7.9,7.65
218,HNRNPA1,1613.90,297.89,0.597,5.42,0.18,712.94,566.93,992.46,712.95,4157.4,2462.03,1692.62,176.95,408.75,131.16,108.56,415.32,582.5,357.09,354.5,597.62,371.2,95.43,213.32,287.78,413.43,150.59,129.69,266.05,220.05,103.68,76.34,55.86,284.04,267.08,1058.05,396.79,285.81,133.53,299.7,397.84
218,RBM12,49.56,15.15,0.265,3.27,0.31,33.76,48.44,44.24,29.46,37.69,110.25,43.07,11.62,22.81,20.72,19.03,27.02,47.28,25.32,15.03,20.43,13.19,5.96,9.73,11.04,9.72,7.97,4.8,6.11,11.88,4.62,4.65,2.53,10.74,12.99,30.6,12.6,15.37,10.55,20.84,24.29
218,SRRM1,94.08,27.71,0.076,3.40,0.29,116.9,66.28,72.31,47.97,107.61,180.5,67,22.7,49.6,20.2,11.47,59.77,72.21,58.29,24.16,34.94,24.04,21.86,20.38,27.47,14.47,11.19,9.85,14.23,20.36,10.8,10.46,6.19,29.65,28.39,38.6,24.6,36.27,34.88,35.07,31.38
218,SFRS15,35.42,11.20,0.044,3.16,0.32,30.3,33.67,38.89,27.83,52.25,46.4,18.58,9.95,19.34,4.41,7.15,14.24,35.2,8.63,9.5,14.31,8.58,8.43,12.77,7.33,8.37,4.6,6.25,7.9,7.36,6,4.44,5.28,9.08,14.69,13.08,10.03,17.32,26.55,8.66,15.35
219,CPSF6,44.03,13.94,0.071,3.16,0.32,47.06,43.89,43.28,27.75,40.23,66.58,39.41,11.11,35.63,13.44,21.95,35.75,43.16,27.26,8.03,14.35,13,8.39,13.07,10.02,8.76,4.16,5.37,7.11,13.03,4.61,3.47,3.61,7.04,18.2,18.89,12.47,14.85,8.28,7.89,11.48
220,AQR,28.50,8.58,0.082,3.32,0.30,24.61,34.66,21.59,18.14,29.7,41.91,28.89,7.59,12.52,16.72,9.73,21.93,13.84,15.87,8.75,9.53,4.6,3.18,4.01,7.35,5.5,4.02,2,3.63,7.82,3.02,3.39,1.3,5.23,7.86,11.53,10.44,13,7.82,10.43,16.23
221,PSIP1,323.15,35.26,0.041,9.17,0.11,347.17,242.22,144.97,87.95,345.39,875.05,219.3,25.5,139.84,4.24,4.13,30.39,63.27,69.67,18.82,40.08,79.27,27.46,24.94,19.96,44.5,11.45,5.83,10.96,20.34,6.56,4.48,3.01,24.04,37.37,84.17,45.38,72.54,30.68,32.43,41.09

